{"cameraMode":{"drawMode":0,"name":"Shaded","section":"Shading Mode"},"sceneLighting":false,"audioPlay":false,"sceneViewState":{"m_AlwaysRefresh":false,"showFog":true,"showSkybox":true,"showFlares":true,"showImageEffects":true,"showParticleSystems":true,"showVisualEffectGraphs":true,"m_FxEnabled":true},"in2DMode":false,"pivot":{"x":-26.544387817382814,"y":-14.410122871398926,"z":-5.427144527435303},"rotation":{"x":-0.0007515637553296983,"y":0.6929329633712769,"z":-0.0009438341949135065,"w":-0.7211556434631348},"size":23.704744338989259,"orthographic":false}